,folds,val_cindex
0,0,0.5255131964809384
1,1,0.6348160351455244
2,2,0.49404388714733544
3,3,0.6613146011038635
4,4,0.5973960941412119
