,folds,val_cindex
0,0,0.535483870967742
1,1,0.6188907193849533
2,2,0.47962382445141066
3,3,0.638233818364275
4,4,0.6009013520280421
