,folds,val_cindex
0,0,0.4727272727272727
1,1,0.5392641405820977
2,2,0.4526645768025078
3,3,0.5709984947315605
4,4,0.5167751627441162
