,folds,val_cindex
0,0,0.4756598240469208
1,1,0.6106534870950028
2,2,0.47962382445141066
3,3,0.5504264927245359
4,4,0.5808713069604406
