,folds,val_cindex
0,0,0.419941348973607
1,1,0.5359692476661175
2,2,0.5862068965517241
3,3,0.5920722528850978
4,4,0.5818728092138208
