,folds,val_cindex
0,0,0.6187683284457478
1,1,0.5475013728720484
2,2,0.6746081504702194
3,3,0.60863020572002
4,4,0.6154231347020531
