,folds,val_cindex
0,0,0.7038123167155426
1,1,0.6600768808347062
2,2,0.5667711598746081
3,3,0.6452584044154541
4,4,0.5773660490736104
