,folds,val_cindex
0,0,0.7167155425219941
1,1,0.7040087863811093
2,2,0.6125391849529781
3,3,0.6056196688409433
4,4,0.5403104656985478
