,folds,val_cindex
0,0,0.5513196480938416
1,1,0.471169686985173
2,2,0.7210031347962382
3,3,0.5489212242849975
4,4,0.39909864797195793
