,folds,val_cindex
0,0,0.5970674486803519
1,1,0.485447556287754
2,2,0.6300940438871473
3,3,0.47967887606623183
4,4,0.6484727090635954
