,folds,val_cindex
0,0,0.5926686217008797
1,1,0.5472267984623833
2,2,0.5570532915360502
3,3,0.6643251379829402
4,4,0.5210315473209814
