,folds,val_cindex
0,0,0.6193548387096774
1,1,0.5634266886326195
2,2,0.5551724137931034
3,3,0.5629703963873558
4,4,0.6296945418127191
