,folds,val_cindex
0,0,0.7296187683284457
1,1,0.6392092257001647
2,2,0.5573667711598747
3,3,0.611138986452584
4,4,0.585378067100651
