,folds,val_cindex
0,0,0.5387096774193548
1,1,0.39373970345963755
2,2,0.5573667711598747
3,3,0.4533366783743101
4,4,0.4646970455683525
