,folds,val_cindex
0,0,0.7085043988269795
1,1,0.7089511257550797
2,2,0.6031347962382445
3,3,0.6201705970898144
4,4,0.557336004006009
