,folds,val_cindex
0,0,0.5829912023460411
1,1,0.44371224601867104
2,2,0.6012539184952979
3,3,0.5132965378825891
4,4,0.33800701051577364
