,folds,val_cindex
0,0,0.6310850439882698
1,1,0.5936298736957716
2,2,0.5887147335423197
3,3,0.5905669844455594
4,4,0.6029043565348022
