,folds,val_cindex
0,0,0.5495601173020528
1,1,0.5304777594728172
2,2,0.6445141065830721
3,3,0.44756648268941296
4,4,0.6261892839258888
